,BTC,EUR,JPY,USD
BTC,1,100.7793405,13985.96054,136.6267239
EUR,0.0097356,1,113.93104,1.1119775
JPY,0.0000842,0.0078812,1,0.0101313
USD,0.00798,0.7477341,98.48578,1
